{
  "timestamp": "2025-12-14",
  "results": {
    "average": 0.8402777777777778,
    "maximum": 0.8368055555555556,
    "weighted": 0.8125
  },
  "best_strategy": "average",
  "best_accuracy": 0.8402777777777778
}